radius_bin,insol_bin,st_Teff_bin,Source Pipeline,Full TOI ID,Planet Radius Value,Orbital Period Value,Effective Temperature Value,Effective Stellar Flux Value,Planet Equilibrium Temperature (K) Value,mass_flag,V mag,K_amp,TSM,t_HIRES,X,TSM_Vmag_priority,X_priority,toi,tic,cps,disp,vetting,ao_vet,hires_prv,apf_prv,vip_rank,pick_num,in_SC1A,in_SC1B,in_SC1C,in_SC1D,in_SC1E,in_SC2A,in_SC2Bi,in_SC2Bii,in_SC2C,in_SC3,in_SC4,in_TOA,in_TOB,total_programs
1,5,3,spoc,561.02,1.55421,0.446547,5391.0,4628.630447,2103.695493,0.0,10.252,2.661764324724172,78.27658645688915,2162.178446969018,0.036202648567984184,2.0,2.0,561.02,377064495,T000561,CPC,passed,passed,yes,yes,,20,X,X,X,-,X,X,X,X,X,X,-,-,X,10
3,3,3,spoc,561.01,3.772776,10.781327,5391.0,66.330454,727.860233,0.0,10.252,4.159027891252227,87.14310034642384,885.6192913587957,0.09839792470274802,,,561.01,377064495,T000561,VPC,passed,passed,yes,yes,,20,X,X,X,-,X,X,X,X,X,X,-,-,X,10
3,3,3,spoc,561.03,2.842121,16.37165,5391.0,38.003128,633.249107,0.0,10.252,2.2355636769673803,52.460883670852816,3065.184667726023,0.017115080935652758,,,561.03,377064495,T000561,PC,passed,passed,yes,yes,,20,X,X,X,-,X,X,X,X,X,X,-,-,X,10
3,4,2,spoc,1410.01,2.943638,1.216835,4634.6,565.541505,1243.757952,0.0,11.110999999999999,6.75278060584253,117.90818926749516,741.0806161561659,0.15910305396875835,1.0,1.0,1410.01,199444169,T001410,VPC,passed,passed,yes,,,28,-,-,-,-,X,X,X,X,-,X,-,-,-,5
3,4,3,spoc,1136.02,3.00227,6.256742,5729.0,210.125477,971.045159,0.0,9.533999999999999,3.1762260361718453,87.25756807056338,783.8048220731926,0.11132563313372312,,,1136.02,142276270,T001136,CPC,passed,passed,yes,yes,,6,-,-,-,-,X,X,X,X,X,X,-,-,X,7
4,3,3,spoc,1136.03,4.0373269999999986,26.321864,5729.0,30.940040000000003,601.519853,0.0,9.533999999999999,3.2554950701855687,71.37382048505343,746.0993296480439,0.09566262513427333,,3.0,1136.03,142276270,T001136,PC,passed,passed,yes,yes,,6,-,-,-,-,X,X,X,X,X,X,-,-,X,7
4,3,2,spoc,1728.01,4.699432,3.491567,3907.0,57.019625,700.851229,0.0,12.39,11.653890178496894,134.91522488765924,808.1442579663556,0.16694448244570215,1.0,1.0,1728.01,285048486,T001728,VPC+,passed,,,,,11,-,-,-,-,-,-,-,-,-,X,-,-,-,1
4,5,2,spoc,1713.01,4.65369,0.5572010000000001,5097.6,3415.825831,1949.816221,0.0,11.436,16.906352233414328,156.07759829536954,159.48906347508876,0.978610036917973,1.0,1.0,1713.01,15863518,T001713,PPC,passed,,,,,24,-,-,X,-,-,-,-,-,-,X,-,-,-,2
